{
  "schemaVersion": 1,
  "capturedAt": "2026-06-22T18:25:51.055Z",
  "environment": {
    "nodeVersion": "v24.17.0",
    "platform": "darwin",
    "arch": "arm64"
  },
  "fixtures": {
    "small-claim": {
      "sizeBytes": 181,
      "opsPerSec": 44041.41085804693,
      "marginOfError": 0.255484091987801,
      "p99Ms": 0.033707999999933236,
      "peakHeapDeltaMB": 0.6903457641601562
    },
    "small-rule": {
      "sizeBytes": 127,
      "opsPerSec": 52138.928909982,
      "marginOfError": 0.18300448607146072,
      "p99Ms": 0.026165999999875567,
      "peakHeapDeltaMB": 0.26399993896484375
    },
    "small-relation": {
      "sizeBytes": 216,
      "opsPerSec": 34152.90293745062,
      "marginOfError": 0.27022297384158234,
      "p99Ms": 0.041459000000031665,
      "peakHeapDeltaMB": 0.570770263671875
    },
    "medium-climate": {
      "sizeBytes": 1646,
      "opsPerSec": 5140.900945120479,
      "marginOfError": 0.39734930077153324,
      "p99Ms": 0.3109580000000278,
      "peakHeapDeltaMB": 0.960235595703125
    },
    "heavy-relations": {
      "sizeBytes": 2311,
      "opsPerSec": 2316.805798387534,
      "marginOfError": 0.6886346747315417,
      "p99Ms": 0.6736250000003565,
      "peakHeapDeltaMB": 1.1537399291992188
    },
    "deep-nesting": {
      "sizeBytes": 1337,
      "opsPerSec": 8889.261666815413,
      "marginOfError": 0.3337408408776544,
      "p99Ms": 0.1677079999999478,
      "peakHeapDeltaMB": 0.5715255737304688
    },
    "large-stress": {
      "sizeBytes": 120873,
      "opsPerSec": 39.57092451959232,
      "marginOfError": 3.0538819432604543,
      "p99Ms": 42.64729100000022,
      "peakHeapDeltaMB": 35.529075622558594
    }
  }
}
