{
  "schemaVersion": 1,
  "capturedAt": "2026-06-26T17:37:44.500Z",
  "environment": {
    "nodeVersion": "v24.18.0",
    "platform": "darwin",
    "arch": "arm64"
  },
  "fixtures": {
    "small-claim": {
      "sizeBytes": 181,
      "tasks": {
        "solve": {
          "opsPerSec": 638952.2338963017,
          "marginOfError": 0.470121044203507,
          "p99Ms": 0.00254199999994853,
          "peakHeapDeltaMB": 0.04161834716796875
        },
        "solve-bipolar": {
          "opsPerSec": 543856.9401754977,
          "marginOfError": 0.11122185670942109,
          "p99Ms": 0.0024169999996956903,
          "peakHeapDeltaMB": 0.1362152099609375
        },
        "parse-solve": {
          "opsPerSec": 35115.777190383,
          "marginOfError": 1.8843256833218813,
          "p99Ms": 0.04900000000088767,
          "peakHeapDeltaMB": 0.6540069580078125
        },
        "parse-solve-bipolar": {
          "opsPerSec": 35938.73549089085,
          "marginOfError": 1.8511024570225545,
          "p99Ms": 0.04520799999954761,
          "peakHeapDeltaMB": 0.046051025390625
        }
      }
    },
    "small-rule": {
      "sizeBytes": 170,
      "tasks": {
        "solve": {
          "opsPerSec": 350961.42933672667,
          "marginOfError": 1.1010104813827188,
          "p99Ms": 0.004540999999790074,
          "peakHeapDeltaMB": 0.04213714599609375
        },
        "solve-bipolar": {
          "opsPerSec": 297114.4527152355,
          "marginOfError": 0.8000076254115104,
          "p99Ms": 0.006833999999798834,
          "peakHeapDeltaMB": 0.12349700927734375
        },
        "parse-solve": {
          "opsPerSec": 41985.45003257659,
          "marginOfError": 1.1605810280480735,
          "p99Ms": 0.04416700000001583,
          "peakHeapDeltaMB": 0.10956573486328125
        },
        "parse-solve-bipolar": {
          "opsPerSec": 41063.76638822071,
          "marginOfError": 1.0709597801406896,
          "p99Ms": 0.041874999998981366,
          "peakHeapDeltaMB": 0.0830535888671875
        }
      }
    },
    "small-relation": {
      "sizeBytes": 181,
      "tasks": {
        "solve": {
          "opsPerSec": 650745.4013142344,
          "marginOfError": 0.1113849110819077,
          "p99Ms": 0.00204200000007404,
          "peakHeapDeltaMB": 0.3041534423828125
        },
        "solve-bipolar": {
          "opsPerSec": 548803.1070977004,
          "marginOfError": 1.082645198544228,
          "p99Ms": 0.0024580000008427305,
          "peakHeapDeltaMB": 0.13653564453125
        },
        "parse-solve": {
          "opsPerSec": 32096.11620136642,
          "marginOfError": 3.086844857934955,
          "p99Ms": 0.05075000000215368,
          "peakHeapDeltaMB": 0.0777130126953125
        },
        "parse-solve-bipolar": {
          "opsPerSec": 31489.805078101755,
          "marginOfError": 2.9031116926113034,
          "p99Ms": 0.05137500000273576,
          "peakHeapDeltaMB": 0.0607757568359375
        }
      }
    },
    "medium-climate": {
      "sizeBytes": 1656,
      "tasks": {
        "solve": {
          "opsPerSec": 281190.7148727352,
          "marginOfError": 0.25656829045792984,
          "p99Ms": 0.006541999999171821,
          "peakHeapDeltaMB": 0.26729583740234375
        },
        "solve-bipolar": {
          "opsPerSec": 220962.77108252302,
          "marginOfError": 1.208915479334887,
          "p99Ms": 0.006708000000799075,
          "peakHeapDeltaMB": 0.08094024658203125
        },
        "parse-solve": {
          "opsPerSec": 4594.288542258252,
          "marginOfError": 2.2027690101329185,
          "p99Ms": 0.37987499999871943,
          "peakHeapDeltaMB": 0.5762100219726562
        },
        "parse-solve-bipolar": {
          "opsPerSec": 4791.685545634572,
          "marginOfError": 2.1893101901818537,
          "p99Ms": 0.33766599999944447,
          "peakHeapDeltaMB": 0.47528076171875
        }
      }
    },
    "heavy-relations": {
      "sizeBytes": 2311,
      "tasks": {
        "solve": {
          "opsPerSec": 60000.214957182965,
          "marginOfError": 0.7858597234477807,
          "p99Ms": 0.029708000000027823,
          "peakHeapDeltaMB": 0.430023193359375
        },
        "solve-bipolar": {
          "opsPerSec": 74972.93665881555,
          "marginOfError": 0.4777812162853848,
          "p99Ms": 0.01995800000076997,
          "peakHeapDeltaMB": 0.09814453125
        },
        "parse-solve": {
          "opsPerSec": 1848.1296806189673,
          "marginOfError": 3.2270456320069876,
          "p99Ms": 3.2462090000008175,
          "peakHeapDeltaMB": 1.3299713134765625
        },
        "parse-solve-bipolar": {
          "opsPerSec": 1804.9978087328705,
          "marginOfError": 3.244626139086747,
          "p99Ms": 3.3728329999976268,
          "peakHeapDeltaMB": 1.26165771484375
        }
      }
    },
    "deep-nesting": {
      "sizeBytes": 1439,
      "tasks": {
        "solve": {
          "opsPerSec": 547099.6870591104,
          "marginOfError": 0.21231637655313407,
          "p99Ms": 0.002457999999933236,
          "peakHeapDeltaMB": 0.17035675048828125
        },
        "solve-bipolar": {
          "opsPerSec": 480202.74933438655,
          "marginOfError": 0.43374470099298335,
          "p99Ms": 0.002791000000797794,
          "peakHeapDeltaMB": 0.00275421142578125
        },
        "parse-solve": {
          "opsPerSec": 7182.992373350772,
          "marginOfError": 1.5633138040554797,
          "p99Ms": 0.25729100000171456,
          "peakHeapDeltaMB": 0.41082763671875
        },
        "parse-solve-bipolar": {
          "opsPerSec": 6931.505700465035,
          "marginOfError": 1.445670836190962,
          "p99Ms": 0.2625000000007276,
          "peakHeapDeltaMB": 0.391876220703125
        }
      }
    },
    "large-stress": {
      "sizeBytes": 120873,
      "tasks": {
        "solve": {
          "opsPerSec": 5618.913221504469,
          "marginOfError": 1.2621064921987204,
          "p99Ms": 0.356207999999242,
          "peakHeapDeltaMB": 0.0938262939453125
        },
        "solve-bipolar": {
          "opsPerSec": 1411.6063241702893,
          "marginOfError": 1.570228872351057,
          "p99Ms": 1.6999999999989086,
          "peakHeapDeltaMB": 0.47417449951171875
        },
        "parse-solve": {
          "opsPerSec": 28.350991544289638,
          "marginOfError": 4.398970097712552,
          "p99Ms": 62.509791000000405,
          "peakHeapDeltaMB": 71.79898071289062
        },
        "parse-solve-bipolar": {
          "opsPerSec": 28.479882673819805,
          "marginOfError": 3.836162070925652,
          "p99Ms": 53.36687499999971,
          "peakHeapDeltaMB": 49.80714416503906
        }
      }
    }
  }
}
