{
  "schemaVersion": 1,
  "capturedAt": "2026-06-27T04:40:29.160Z",
  "environment": {
    "nodeVersion": "v24.18.0",
    "platform": "darwin",
    "arch": "arm64"
  },
  "fixtures": {
    "small-claim": {
      "sizeBytes": 181,
      "tasks": {
        "solve": {
          "opsPerSec": 644697.8349573674,
          "marginOfError": 0.48090824729018894,
          "p99Ms": 0.002624999999852662,
          "peakHeapDeltaMB": 0.18248748779296875
        },
        "solve-bipolar": {
          "opsPerSec": 558302.7900781275,
          "marginOfError": 0.09435965619932217,
          "p99Ms": 0.002375000000029104,
          "peakHeapDeltaMB": 0.212066650390625
        },
        "solve-aspic": {
          "opsPerSec": 520237.75965009735,
          "marginOfError": 0.17620673564129594,
          "p99Ms": 0.002666999997018138,
          "peakHeapDeltaMB": 0.015533447265625
        },
        "solve-evidential": {
          "opsPerSec": 563934.5776124378,
          "marginOfError": 0.10864786683785713,
          "p99Ms": 0.002375000000029104,
          "peakHeapDeltaMB": 0.08583831787109375
        },
        "parse-solve": {
          "opsPerSec": 36261.1380364847,
          "marginOfError": 3.492532137387113,
          "p99Ms": 0.05016600000089966,
          "peakHeapDeltaMB": 0.42852783203125
        },
        "parse-solve-bipolar": {
          "opsPerSec": 36660.693333259405,
          "marginOfError": 3.160247737673928,
          "p99Ms": 0.03795799999352312,
          "peakHeapDeltaMB": 0.04605865478515625
        },
        "parse-solve-aspic": {
          "opsPerSec": 35848.17273169395,
          "marginOfError": 3.193339920361048,
          "p99Ms": 0.04020899999886751,
          "peakHeapDeltaMB": 0.0532379150390625
        },
        "parse-solve-evidential": {
          "opsPerSec": 33675.69897293768,
          "marginOfError": 3.128160499704089,
          "p99Ms": 0.05270899999595713,
          "peakHeapDeltaMB": 0.04605865478515625
        }
      }
    },
    "small-rule": {
      "sizeBytes": 171,
      "tasks": {
        "solve": {
          "opsPerSec": 342197.4079984621,
          "marginOfError": 0.24982565007205781,
          "p99Ms": 0.005500000000211003,
          "peakHeapDeltaMB": 0.21185302734375
        },
        "solve-bipolar": {
          "opsPerSec": 284422.59583550453,
          "marginOfError": 0.2781388059893461,
          "p99Ms": 0.007292000000234111,
          "peakHeapDeltaMB": 0.45009613037109375
        },
        "solve-aspic": {
          "opsPerSec": 347924.31215366145,
          "marginOfError": 1.0618075490386472,
          "p99Ms": 0.003749999999854481,
          "peakHeapDeltaMB": 0.03653717041015625
        },
        "solve-evidential": {
          "opsPerSec": 281418.33528992196,
          "marginOfError": 1.083253616302631,
          "p99Ms": 0.004583000001730397,
          "peakHeapDeltaMB": 0.03546905517578125
        },
        "parse-solve": {
          "opsPerSec": 33985.54449175568,
          "marginOfError": 3.1910344155024832,
          "p99Ms": 0.04695799999899464,
          "peakHeapDeltaMB": 0.0948944091796875
        },
        "parse-solve-bipolar": {
          "opsPerSec": 36335.60605711928,
          "marginOfError": 3.216396735481828,
          "p99Ms": 0.042666999994253274,
          "peakHeapDeltaMB": 0.08336639404296875
        },
        "parse-solve-aspic": {
          "opsPerSec": 35135.47451385164,
          "marginOfError": 3.2330625827559976,
          "p99Ms": 0.04379099999641767,
          "peakHeapDeltaMB": 0.1130218505859375
        },
        "parse-solve-evidential": {
          "opsPerSec": 33498.5641501798,
          "marginOfError": 3.0918294733250535,
          "p99Ms": 0.04766699999890989,
          "peakHeapDeltaMB": 0.0832977294921875
        }
      }
    },
    "small-relation": {
      "sizeBytes": 182,
      "tasks": {
        "solve": {
          "opsPerSec": 652141.4854602213,
          "marginOfError": 0.11735846919008294,
          "p99Ms": 0.00204200000007404,
          "peakHeapDeltaMB": 0.10282135009765625
        },
        "solve-bipolar": {
          "opsPerSec": 552108.7333322944,
          "marginOfError": 0.2154578550444665,
          "p99Ms": 0.002457999999023741,
          "peakHeapDeltaMB": 0.2423248291015625
        },
        "solve-aspic": {
          "opsPerSec": 501550.4086712604,
          "marginOfError": 0.2645826337760525,
          "p99Ms": 0.0026670000006561168,
          "peakHeapDeltaMB": 0.13626861572265625
        },
        "solve-evidential": {
          "opsPerSec": 546290.1270277138,
          "marginOfError": 0.84045828675111,
          "p99Ms": 0.0024169999996956903,
          "peakHeapDeltaMB": 0.053558349609375
        },
        "parse-solve": {
          "opsPerSec": 34030.578667369104,
          "marginOfError": 2.719098657127379,
          "p99Ms": 0.04133400000137044,
          "peakHeapDeltaMB": 0.07794952392578125
        },
        "parse-solve-bipolar": {
          "opsPerSec": 27860.78165505992,
          "marginOfError": 3.0628863195236407,
          "p99Ms": 0.05687499999476131,
          "peakHeapDeltaMB": 0.0611572265625
        },
        "parse-solve-aspic": {
          "opsPerSec": 32633.35049099476,
          "marginOfError": 2.663864646841692,
          "p99Ms": 0.043000000005122274,
          "peakHeapDeltaMB": 0.06031036376953125
        },
        "parse-solve-evidential": {
          "opsPerSec": 33587.42471455505,
          "marginOfError": 2.7742695827305353,
          "p99Ms": 0.042042000000947155,
          "peakHeapDeltaMB": 0.05875396728515625
        }
      }
    },
    "medium-climate": {
      "sizeBytes": 1656,
      "tasks": {
        "solve": {
          "opsPerSec": 258989.44938853462,
          "marginOfError": 1.1634507321569305,
          "p99Ms": 0.007625000000189175,
          "peakHeapDeltaMB": 0.2122650146484375
        },
        "solve-bipolar": {
          "opsPerSec": 240859.63461589426,
          "marginOfError": 1.102498874520383,
          "p99Ms": 0.007292000000234111,
          "peakHeapDeltaMB": 0.26572418212890625
        },
        "solve-aspic": {
          "opsPerSec": 247470.37018784232,
          "marginOfError": 0.13747511055918374,
          "p99Ms": 0.007667000001674751,
          "peakHeapDeltaMB": 0.156005859375
        },
        "solve-evidential": {
          "opsPerSec": 224810.645023958,
          "marginOfError": 0.9574967289925133,
          "p99Ms": 0.008125000000291038,
          "peakHeapDeltaMB": 0.0574188232421875
        },
        "parse-solve": {
          "opsPerSec": 4222.02037727756,
          "marginOfError": 2.9612039281968583,
          "p99Ms": 0.38954199999716366,
          "peakHeapDeltaMB": 0.5047225952148438
        },
        "parse-solve-bipolar": {
          "opsPerSec": 4421.9660569903435,
          "marginOfError": 2.641063801193034,
          "p99Ms": 0.34916700000030687,
          "peakHeapDeltaMB": 0.4878692626953125
        },
        "parse-solve-aspic": {
          "opsPerSec": 4204.345286738592,
          "marginOfError": 2.7420314596605264,
          "p99Ms": 0.39604200000030687,
          "peakHeapDeltaMB": 0.468780517578125
        },
        "parse-solve-evidential": {
          "opsPerSec": 4531.761714237589,
          "marginOfError": 2.6601310641831057,
          "p99Ms": 0.37816700000257697,
          "peakHeapDeltaMB": 0.479736328125
        }
      }
    },
    "heavy-relations": {
      "sizeBytes": 2311,
      "tasks": {
        "solve": {
          "opsPerSec": 58656.26351195734,
          "marginOfError": 0.703735852749433,
          "p99Ms": 0.0309159999997064,
          "peakHeapDeltaMB": 0.2406005859375
        },
        "solve-bipolar": {
          "opsPerSec": 70594.50979172396,
          "marginOfError": 0.5953760864442132,
          "p99Ms": 0.025874999999359716,
          "peakHeapDeltaMB": 0.34490966796875
        },
        "solve-aspic": {
          "opsPerSec": 122563.2948933786,