{
  "schemaVersion": 1,
  "capturedAt": "2026-06-27T02:18:37.188Z",
  "environment": {
    "nodeVersion": "v24.18.0",
    "platform": "darwin",
    "arch": "arm64"
  },
  "fixtures": {
    "small-claim": {
      "sizeBytes": 181,
      "tasks": {
        "solve": {
          "opsPerSec": 639607.6002452096,
          "marginOfError": 0.19900438065888448,
          "p99Ms": 0.002459000000044398,
          "peakHeapDeltaMB": 0.1881866455078125
        },
        "solve-bipolar": {
          "opsPerSec": 539427.5258431718,
          "marginOfError": 0.12150032767075777,
          "p99Ms": 0.002500000000509317,
          "peakHeapDeltaMB": 0.153564453125
        },
        "solve-aspic": {
          "opsPerSec": 555294.4241598316,
          "marginOfError": 0.21331861617087042,
          "p99Ms": 0.002375000000029104,
          "peakHeapDeltaMB": 0.2156982421875
        },
        "parse-solve": {
          "opsPerSec": 42020.97361082973,
          "marginOfError": 0.9662111649886719,
          "p99Ms": 0.040207999998528976,
          "peakHeapDeltaMB": 0.3707427978515625
        },
        "parse-solve-bipolar": {
          "opsPerSec": 39479.24120897067,
          "marginOfError": 1.2097763695764465,
          "p99Ms": 0.04254099999889149,
          "peakHeapDeltaMB": 0.05330657958984375
        },
        "parse-solve-aspic": {
          "opsPerSec": 39591.141505678395,
          "marginOfError": 1.0209425693779828,
          "p99Ms": 0.03949999999895226,
          "peakHeapDeltaMB": 0.04460906982421875
        }
      }
    },
    "small-rule": {
      "sizeBytes": 171,
      "tasks": {
        "solve": {
          "opsPerSec": 358040.32008143474,
          "marginOfError": 1.0666438850613218,
          "p99Ms": 0.0054169999998521234,
          "peakHeapDeltaMB": 0.121917724609375
        },
        "solve-bipolar": {
          "opsPerSec": 287128.2709812957,
          "marginOfError": 1.5285223888925785,
          "p99Ms": 0.007000000001426088,
          "peakHeapDeltaMB": 0.1293792724609375
        },
        "solve-aspic": {
          "opsPerSec": 366921.1406709249,
          "marginOfError": 0.9462678709282986,
          "p99Ms": 0.003832999998849118,
          "peakHeapDeltaMB": 0.2558746337890625
        },
        "parse-solve": {
          "opsPerSec": 39948.48961811119,
          "marginOfError": 1.0341051290195507,
          "p99Ms": 0.04462499999863212,
          "peakHeapDeltaMB": 0.29567718505859375
        },
        "parse-solve-bipolar": {
          "opsPerSec": 39136.80592057567,
          "marginOfError": 1.0375362524246983,
          "p99Ms": 0.040416000003460795,
          "peakHeapDeltaMB": 0.0832977294921875
        },
        "parse-solve-aspic": {
          "opsPerSec": 42067.83879601348,
          "marginOfError": 1.0601366185894812,
          "p99Ms": 0.03762500000448199,
          "peakHeapDeltaMB": 0.11054229736328125
        }
      }
    },
    "small-relation": {
      "sizeBytes": 182,
      "tasks": {
        "solve": {
          "opsPerSec": 618104.3992025356,
          "marginOfError": 0.904840742758015,
          "p99Ms": 0.0020839999997406267,
          "peakHeapDeltaMB": 0.251983642578125
        },
        "solve-bipolar": {
          "opsPerSec": 564423.7469793648,
          "marginOfError": 0.3941543991182179,
          "p99Ms": 0.0031249999992724042,
          "peakHeapDeltaMB": 0.38266754150390625
        },
        "solve-aspic": {
          "opsPerSec": 479123.7513354541,
          "marginOfError": 0.91402990591782,
          "p99Ms": 0.002666000000317581,
          "peakHeapDeltaMB": 0.03748321533203125
        },
        "parse-solve": {
          "opsPerSec": 36070.00814691468,
          "marginOfError": 1.0965372887473857,
          "p99Ms": 0.04408300000068266,
          "peakHeapDeltaMB": 0.07265472412109375
        },
        "parse-solve-bipolar": {
          "opsPerSec": 37627.337834099264,
          "marginOfError": 0.806703967174207,
          "p99Ms": 0.03633299999637529,
          "peakHeapDeltaMB": 0.06362152099609375
        },
        "parse-solve-aspic": {
          "opsPerSec": 36224.776855353586,
          "marginOfError": 0.8315472895916186,
          "p99Ms": 0.038500000002386514,
          "peakHeapDeltaMB": 0.05889129638671875
        }
      }
    },
    "medium-climate": {
      "sizeBytes": 1656,
      "tasks": {
        "solve": {
          "opsPerSec": 290124.9573516568,
          "marginOfError": 0.24131960415124865,
          "p99Ms": 0.006207999999787717,
          "peakHeapDeltaMB": 0.20944976806640625
        },
        "solve-bipolar": {
          "opsPerSec": 227425.4828342782,
          "marginOfError": 0.26433039757896065,
          "p99Ms": 0.006833000001279288,
          "peakHeapDeltaMB": 0.26448822021484375
        },
        "solve-aspic": {
          "opsPerSec": 245442.48236200094,
          "marginOfError": 1.0659336527289671,
          "p99Ms": 0.005165999999007909,
          "peakHeapDeltaMB": 0.05355072021484375
        },
        "parse-solve": {
          "opsPerSec": 5182.869065179204,
          "marginOfError": 1.1246684725033866,
          "p99Ms": 0.3233749999999418,
          "peakHeapDeltaMB": 0.49405670166015625
        },
        "parse-solve-bipolar": {
          "opsPerSec": 5068.118441341701,
          "marginOfError": 1.1327051782807096,
          "p99Ms": 0.294000000001688,
          "peakHeapDeltaMB": 0.47815704345703125
        },
        "parse-solve-aspic": {
          "opsPerSec": 5038.8295414348195,
          "marginOfError": 1.0833341732076511,
          "p99Ms": 0.3257080000039423,
          "peakHeapDeltaMB": 0.46782684326171875
        }
      }
    },
    "heavy-relations": {
      "sizeBytes": 2311,
      "tasks": {
        "solve": {
          "opsPerSec": 60503.84807483106,
          "marginOfError": 0.3595618221661444,
          "p99Ms": 0.0244170000005397,
          "peakHeapDeltaMB": 0.30255889892578125
        },
        "solve-bipolar": {
          "opsPerSec": 73983.33378008645,
          "marginOfError": 0.33128434537768126,
          "p99Ms": 0.020082999999431195,
          "peakHeapDeltaMB": 0.4654541015625
        },
        "solve-aspic": {
          "opsPerSec": 173522.72652828484,
          "marginOfError": 0.2208357037481341,
          "p99Ms": 0.009708000001410255,
          "peakHeapDeltaMB": 0.011749267578125
        },
        "parse-solve": {
          "opsPerSec": 2017.9724161580705,
          "marginOfError": 1.162087286995637,
          "p99Ms": 1.348707999997714,
          "peakHeapDeltaMB": 1.3299179077148438
        },
        "parse-solve-bipolar": {
          "opsPerSec": 1955.3920803345584,
          "marginOfError": 1.4030353691232407,
          "p99Ms": 1.493040999994264,
          "peakHeapDeltaMB": 1.2591400146484375
        },
        "parse-solve-aspic": {
          "opsPerSec": 2011.3246132857375,
          "marginOfError": 1.4094299128525534,
          "p99Ms": 1.4422090000007302,
          "peakHeapDeltaMB": 1.2274017333984375
        }
      }
    },
    "deep-nesting": {
      "sizeBytes": 1439,
      "tasks": {
        "solve": {
          "opsPerSec": 516042.6836655776,
          "marginOfError": 0.24706558139441556,
          "p99Ms": 0.002500000000509317,
          "peakHeapDeltaMB": 0.182586669921875
        },
        "solve-bipolar": {
          "opsPerSec": 495112.91087938106,
          "marginOfError": 0.3039731324042632,
          "p99Ms": 0.0027090000003227033,
          "peakHeapDeltaMB": 0.00275421142578125
        },
        "solve-aspic": {
          "opsPerSec": 434456.24491510843,
          "marginOfError": 0.34539072971125007,
          "p99Ms": 0.0037910000028205104,
          "peakHeapDeltaMB": 0.00264739990234375
        },
        "parse-solve": {
          "opsPerSec": 7261.588050109916,
          "marginOfError": 0.8204435366507292,
          "p99Ms": 0.23029200000019046,
          "peakHeapDeltaMB": 0.41461944580078125
        },